feature,coefficient,p_value,lower_ci,upper_ci
Intercept,7.126096992833958,0.0,7.10926295438109,7.1429310312868255
C(Rndrng_Prvdr_State_Abrvtn)[T.AL],-0.28057499271773384,0.0,-0.2941877307996444,-0.2669622546358233
C(Rndrng_Prvdr_State_Abrvtn)[T.AR],-0.26075390067311094,2.3045362754479385e-289,-0.27481168030299497,-0.24669612104322688
C(Rndrng_Prvdr_State_Abrvtn)[T.AZ],-0.1000227249452801,1.110037057654235e-48,-0.11339228713117008,-0.08665316275939011
C(Rndrng_Prvdr_State_Abrvtn)[T.CA],-0.04540164304239543,5.330670534940887e-12,-0.05830467183031436,-0.032498614254476504
C(Rndrng_Prvdr_State_Abrvtn)[T.CO],-0.1337190053186808,1.4903457386717787e-82,-0.147335641996546,-0.12010236864081561
C(Rndrng_Prvdr_State_Abrvtn)[T.CT],-0.0893653591450427,1.9671784086059044e-36,-0.10326017214719868,-0.07547054614288673
C(Rndrng_Prvdr_State_Abrvtn)[T.DC],-0.015484460586774156,0.08153790352514535,-0.032908064857319924,0.0019391436837716096
C(Rndrng_Prvdr_State_Abrvtn)[T.DE],-0.11220185090640467,2.5030422158840543e-43,-0.12813589802734565,-0.0962678037854637
C(Rndrng_Prvdr_State_Abrvtn)[T.FL],-0.08992565474125865,2.703094940140293e-42,-0.10285792780392372,-0.07699338167859357
C(Rndrng_Prvdr_State_Abrvtn)[T.GA],-0.2127081602899235,4.259478123532742e-218,-0.22593327066233834,-0.19948304991750868
C(Rndrng_Prvdr_State_Abrvtn)[T.HI],-0.16412837830691332,2.3622083365493457e-76,-0.18152346669206648,-0.14673328992176016
C(Rndrng_Prvdr_State_Abrvtn)[T.IA],-0.25482060355742125,2.0638695166019608e-277,-0.2688536279817093,-0.24078757913313317
C(Rndrng_Prvdr_State_Abrvtn)[T.ID],-0.2606020917820175,5.824383852633965e-237,-0.2761405930116881,-0.2450635905523469
C(Rndrng_Prvdr_State_Abrvtn)[T.IL],-0.15478782688045786,6.97151928807308e-119,-0.16787465316228356,-0.14170100059863217
C(Rndrng_Prvdr_State_Abrvtn)[T.IN],-0.21460737155692794,3.5953359974604915e-215,-0.2280418895719803,-0.20117285354187558
C(Rndrng_Prvdr_State_Abrvtn)[T.KS],-0.22551490030213198,2.927894943461927e-217,-0.23956352323883767,-0.21146627736542628
C(Rndrng_Prvdr_State_Abrvtn)[T.KY],-0.21864679473885645,6.653690753438697e-213,-0.2324075984616701,-0.2048859910160428
C(Rndrng_Prvdr_State_Abrvtn)[T.LA],-0.239371541342076,5.895435051076474e-254,-0.2531541173060399,-0.22558896537811207
C(Rndrng_Prvdr_State_Abrvtn)[T.MA],-0.12945084480415803,5.926966051705261e-82,-0.1426821204345347,-0.11621956917378135
C(Rndrng_Prvdr_State_Abrvtn)[T.MD],-0.045479432839710385,2.4132491650821556e-11,-0.05882634410131631,-0.03213252157810446
C(Rndrng_Prvdr_State_Abrvtn)[T.ME],-0.2601261518959442,3.4218671588153665e-225,-0.27604018473589653,-0.2442121190559918
C(Rndrng_Prvdr_State_Abrvtn)[T.MI],-0.2330959717201232,5.307405505469211e-261,-0.24633329055438,-0.2198586528858664
C(Rndrng_Prvdr_State_Abrvtn)[T.MN],-0.2160918678341601,1.276384160940081e-218,-0.22951111053721596,-0.20267262513110423
C(Rndrng_Prvdr_State_Abrvtn)[T.MO],-0.23924803184226018,4.9065172743629954e-265,-0.25273006513559537,-0.225765998548925
C(Rndrng_Prvdr_State_Abrvtn)[T.MS],-0.2633256877048154,2.4935750506469126e-293,-0.27742509782367475,-0.24922627758595603
C(Rndrng_Prvdr_State_Abrvtn)[T.MT],-0.17897490135968258,7.282607593319765e-102,-0.19534487232674289,-0.16260493039262228
C(Rndrng_Prvdr_State_Abrvtn)[T.NC],-0.2131544422942841,4.9145432592912203e-222,-0.2262881091062966,-0.2000207754822716
C(Rndrng_Prvdr_State_Abrvtn)[T.ND],-0.28418988921172067,1.6075354814703987e-230,-0.3013721004087673,-0.26700767801467407
C(Rndrng_Prvdr_State_Abrvtn)[T.NE],-0.26833268941376653,2.434152852886495e-288,-0.2828249121131032,-0.2538404667144299
C(Rndrng_Prvdr_State_Abrvtn)[T.NH],-0.1704103798269961,4.187182094768307e-107,-0.18560366045097412,-0.1552170992030181
C(Rndrng_Prvdr_State_Abrvtn)[T.NJ],-0.039942413224740105,2.8329473637179213e-09,-0.053119601400156764,-0.026765225049323445
C(Rndrng_Prvdr_State_Abrvtn)[T.NM],-0.19398824218459443,4.569353052980361e-131,-0.20959612482798873,-0.17838035954120013
C(Rndrng_Prvdr_State_Abrvtn)[T.NV],-0.10310937132737338,5.10841347153372e-44,-0.11763212234569433,-0.08858662030905244
C(Rndrng_Prvdr_State_Abrvtn)[T.NY],-0.07713769618323857,1.9337936997564126e-31,-0.09009887727419015,-0.06417651509228699
C(Rndrng_Prvdr_State_Abrvtn)[T.OH],-0.24940904826315907,3.9251410697371945e-303,-0.26254400394493727,-0.2362740925813809
C(Rndrng_Prvdr_State_Abrvtn)[T.OK],-0.22308140324157302,1.6076500315138033e-216,-0.2370023795103237,-0.20916042697282233
C(Rndrng_Prvdr_State_Abrvtn)[T.OR],-0.18639384296679118,7.156284526695357e-150,-0.2004045929021676,-0.17238309303141475
C(Rndrng_Prvdr_State_Abrvtn)[T.PA],-0.17170975352830112,1.246085340792244e-146,-0.18476057249658717,-0.15865893456001506
C(Rndrng_Prvdr_State_Abrvtn)[T.RI],-0.1892397886438798,7.840145462277149e-114,-0.2055966617930053,-0.17288291549475432
C(Rndrng_Prvdr_State_Abrvtn)[T.SC],-0.20835856241435866,1.0395989015722669e-201,-0.22183454547208603,-0.19488257935663128
C(Rndrng_Prvdr_State_Abrvtn)[T.SD],-0.2696309624805119,1.1030573901956957e-229,-0.28596287017762695,-0.2532990547833968
C(Rndrng_Prvdr_State_Abrvtn)[T.TN],-0.22777973051637088,3.9038152336513706e-248,-0.2410491431629837,-0.21451031786975805
C(Rndrng_Prvdr_State_Abrvtn)[T.TX],-0.15381452691657727,3.803422037033949e-120,-0.1667493710595568,-0.14087968277359772
C(Rndrng_Prvdr_State_Abrvtn)[T.UT],-0.19565210918207618,4.043507758091334e-154,-0.21015193877983096,-0.1811522795843214
C(Rndrng_Prvdr_State_Abrvtn)[T.VA],-0.15567757445414276,1.3751316835860374e-117,-0.1689131375531497,-0.14244201135513582
C(Rndrng_Prvdr_State_Abrvtn)[T.VT],-0.2637206491094977,9.994097737330715e-163,-0.28273440605660444,-0.244706892162391
C(Rndrng_Prvdr_State_Abrvtn)[T.WA],-0.1594456254650757,2.0942472946565525e-119,-0.17289624077013652,-0.1459950101600149
C(Rndrng_Prvdr_State_Abrvtn)[T.WI],-0.2661854962223114,0.0,-0.27972734620898054,-0.2526436462356423
C(Rndrng_Prvdr_State_Abrvtn)[T.WV],-0.286298370134556,6.914292750026667e-292,-0.30166595006018615,-0.27093079020892585
C(Rndrng_Prvdr_State_Abrvtn)[T.WY],-0.16738083397306383,2.2954663350731518e-67,-0.18629857319161805,-0.1484630947545096
C(Rndrng_Prvdr_Type_Grouped)[T.Anesthesiology],-2.3808015411973296,0.0,-2.3908690092976186,-2.3707340730970405
C(Rndrng_Prvdr_Type_Grouped)[T.Cardiology],-2.1486837948707618,0.0,-2.157338346384556,-2.1400292433569676
C(Rndrng_Prvdr_Type_Grouped)[T.Centralized Flu],-1.3451755023620244,0.0,-1.3564269593540639,-1.333924045369985
C(Rndrng_Prvdr_Type_Grouped)[T.Certified Registered Nurse Anesthetist (CRNA)],-2.442461477846892,0.0,-2.454628038771166,-2.4302949169226182
C(Rndrng_Prvdr_Type_Grouped)[T.Clinical Cardiac Electrophysiology],-1.893708501545876,0.0,-1.9045945296522826,-1.8828224734394696
C(Rndrng_Prvdr_Type_Grouped)[T.Clinical Laboratory],-1.8367216857773412,0.0,-1.8471088705802965,-1.8263345009743859
C(Rndrng_Prvdr_Type_Grouped)[T.Dermatology],-2.1312764953831635,0.0,-2.140276484703522,-2.1222765060628053
C(Rndrng_Prvdr_Type_Grouped)[T.Diagnostic Radiology],-2.5090398375809406,0.0,-2.517560495347083,-2.5005191798147983
C(Rndrng_Prvdr_Type_Grouped)[T.Emergency Medicine],-2.1805626143871106,0.0,-2.189631210248698,-2.1714940185255234
C(Rndrng_Prvdr_Type_Grouped)[T.Endocrinology],-2.2261143797892506,0.0,-2.237626614604919,-2.214602144973582
C(Rndrng_Prvdr_Type_Grouped)[T.Family Practice],-2.252760982634376,0.0,-2.2611606716044528,-2.244361293664299
C(Rndrng_Prvdr_Type_Grouped)[T.Gastroenterology],-1.8829351314179779,0.0,-1.8921619918900685,-1.8737082709458872
C(Rndrng_Prvdr_Type_Grouped)[T.General Surgery],-1.9041564540357292,0.0,-1.9138258109282633,-1.894487097143195
C(Rndrng_Prvdr_Type_Grouped)[T.Hematology-Oncology],-2.2053757978569126,0.0,-2.2148505249959793,-2.195901070717846
C(Rndrng_Prvdr_Type_Grouped)[T.Hospitalist],-2.057439885178865,0.0,-2.067651065298188,-2.047228705059542
C(Rndrng_Prvdr_Type_Grouped)[T.Internal Medicine],-2.182319266637656,0.0,-2.1906713446560357,-2.1739671886192764
C(Rndrng_Prvdr_Type_Grouped)[T.Interventional Cardiology],-1.9567951527868732,0.0,-1.966827277502031,-1.9467630280717154
C(Rndrng_Prvdr_Type_Grouped)[T.Interventional Radiology],-2.392440783042762,0.0,-2.403738050610676,-2.381143515474848
C(Rndrng_Prvdr_Type_Grouped)[T.Mass Immunizer Roster Biller],-1.4126196241679516,0.0,-1.4221645627983162,-1.403074685537587
C(Rndrng_Prvdr_Type_Grouped)[T.Medical Oncology],-2.209378883831733,0.0,-2.221198887431608,-2.1975588802318584
C(Rndrng_Prvdr_Type_Grouped)[T.Nephrology],-1.9087659775173111,0.0,-1.9189083535868672,-1.898623601447755
C(Rndrng_Prvdr_Type_Grouped)[T.Neurology],-1.8292674587091478,0.0,-1.838960241354761,-1.8195746760635345
C(Rndrng_Prvdr_Type_Grouped)[T.Nurse Practitioner],-2.3934329751284453,0.0,-2.4017432792427234,-2.3851226710141673
C(Rndrng_Prvdr_Type_Grouped)[T.Obstetrics & Gynecology],-2.029233601948019,0.0,-2.0398454407149265,-2.0186217631811116
C(Rndrng_Prvdr_Type_Grouped)[T.Ophthalmology],-1.5992324675753609,0.0,-1.608227046939626,-1.5902378882110957
C(Rndrng_Prvdr_Type_Grouped)[T.Optometry],-2.053499721787336,0.0,-2.0628477901910545,-2.0441516533836177
C(Rndrng_Prvdr_Type_Grouped)[T.Orthopedic Surgery],-1.9323908099184546,0.0,-1.9412277883305478,-1.9235538315063614
C(Rndrng_Prvdr_Type_Grouped)[T.Other],-1.9698569629495126,0.0,-1.9781972726841308,-1.9615166532148944
C(Rndrng_Prvdr_Type_Grouped)[T.Otolaryngology],-2.121594219811976,0.0,-2.1319071970342445,-2.111281242589708
C(Rndrng_Prvdr_Type_Grouped)[T.Pathology],-1.3552048903622425,0.0,-1.3649939673952913,-1.3454158133291936
C(Rndrng_Prvdr_Type_Grouped)[T.Physical Medicine and Rehabilitation],-2.0715555610198857,0.0,-2.081944240568099,-2.0611668814716726
C(Rndrng_Prvdr_Type_Grouped)[T.Physical Therapist in Private Practice],-2.4296597448950856,0.0,-2.4384610037662804,-2.420858486023891
C(Rndrng_Prvdr_Type_Grouped)[T.Physician Assistant],-2.4392910550290656,0.0,-2.4476965750846387,-2.4308855349734926
C(Rndrng_Prvdr_Type_Grouped)[T.Podiatry],-2.5110378154866493,0.0,-2.520266331409414,-2.5018092995638845
C(Rndrng_Prvdr_Type_Grouped)[T.Psychiatry],-1.9972719907695817,0.0,-2.008679643647731,-1.9858643378914327
C(Rndrng_Prvdr_Type_Grouped)[T.Pulmonary Disease],-2.2853655430377993,0.0,-2.2950980816810795,-2.275633004394519
C(Rndrng_Prvdr_Type_Grouped)[T.Radiation Oncology],-1.3689691200662797,0.0,-1.3796105152063185,-1.3583277249262409
C(Rndrng_Prvdr_Type_Grouped)[T.Rheumatology],-2.1208064640756703,0.0,-2.131844699194299,-2.1097682289570416
C(Rndrng_Prvdr_Type_Grouped)[T.Urology],-2.183853334224718,0.0,-2.193099833186317,-2.1746068352631194
C(Rndrng_Prvdr_Type_Grouped)[T.Vascular Surgery],-1.7993503992754196,0.0,-1.8105489106346084,-1.7881518879162308
C(Place_Of_Srvc)[T.O],-0.0050648727183965426,8.229174912352693e-10,-0.006681524770635032,-0.0034482206661580533
C(CPT_category)[T.Drugs],-4.255934577666433,0.0,-4.264706894190048,-4.247162261142818
C(CPT_category)[T.E/M],-0.4575807708815318,0.0,-0.4655085833848114,-0.44965295837825225
C(CPT_category)[T.Medicine],-1.3704205701213235,0.0,-1.3784573699908356,-1.3623837702518113
C(CPT_category)[T.Other CPT],-0.3351830512928447,1.9304381474129577e-286,-0.35334613381778557,-0.31701996876790384
C(CPT_category)[T.Other HCPCS],-3.419979215495292,0.0,-3.4328535614596425,-3.4071048695309414
C(CPT_category)[T.Pathology/Lab],-2.408978178035149,0.0,-2.4173043486953496,-2.4006520073749487
C(CPT_category)[T.Procedures/Screening],-1.345525154687194,0.0,-1.3538005272771656,-1.3372497820972225
C(CPT_category)[T.Radiology],-1.2732729307482025,0.0,-1.2815240133276073,-1.2650218481687976
C(CPT_category)[T.Surgery],-0.5088770489201615,0.0,-0.5167125678275841,-0.5010415300127389
C(CPT_category)[T.Transportation/DME],-0.9895341164404525,0.0,-1.0010248682022367,-0.9780433646786683
Tot_Benes_scaled,-0.010363506415330945,1.6143591780073412e-236,-0.010982017886388612,-0.009744994944273278
rural_urban,-0.05536645941756694,0.0,-0.05737703621567417,-0.053355882619459706
