HCPCS_Cd,statistic,p_value,median_ratio,p_adj,reject,median_percent_difference,HCPCS_Desc,HCPCS_prefix,oncology_related
22634,2394.5,0.0024548848025141693,0.8366013071895425,0.015697232185229264,True,-16.33986928104575,Fusion of additional segment of spine with partial removal of spine bone and disc,2,False
32555,531399.0,3.234554006047078e-10,0.9424999999999999,6.2078555731442e-09,True,-5.750000000000011,Aspiration of fluid from chest cavity using imaging guidance,3,False
46221,26462.5,0.006697439352879587,0.7934922861150071,0.0364161887075991,True,-20.65077138849929,Removal of external hemorrhoids by rubber banding,4,False
49083,285862.5,4.6404293281025245e-12,0.8172573189522341,1.0215768682602175e-10,True,-18.274268104776592,Drainage of fluid from abdominal cavity using imaging guidance,4,False
51701,79826.0,8.024417862135799e-05,0.9444444444444444,0.0007236478035914032,True,-5.555555555555558,Insertion of temporary bladder tube,5,False
51702,457640.0,1.4336810769658026e-07,0.8425925925925926,2.1462205722178064e-06,True,-15.740740740740744,Simple insertion of temporary bladder tube,5,False
51705,39740.0,5.90916298523785e-05,0.8039215686274509,0.0005427004287669364,True,-19.60784313725491,Simple change of bladder tube,5,False
65820,33073.5,5.428982538785845e-10,0.9212331239621687,1.003356402538569e-08,True,-7.876687603783128,Incision to improve eye fluid flow,6,False
66183,2277.0,0.00017999402665759093,0.9100998890122086,0.0015223223610531843,True,-8.990011098779139,Insertion of eye fluid drainage device,6,False
67028,696084.5,4.2948287790363165e-05,0.9300488667958549,0.00040183491763858535,True,-6.995113320414514,Injection of drug into eye,6,True
67036,8208.0,0.00018420627407412631,0.9375,0.0015491954622975678,True,-6.25,Removal of eye fluid (vitreous) between lens and retina,6,False
73020,100817.0,9.628951332659001e-07,0.9411764705882353,1.2320119782043183e-05,True,-5.882352941176472,"X-ray of shoulder, 1 view",7,False
73100,293897.5,0.0025040970535697626,0.9475798613360978,0.015697232185229264,True,-5.2420138663902165,"X-ray of wrist, 2 views",7,False
73110,16081598.5,4.869605567497523e-33,0.9401709401709402,2.513723977428894e-31,True,-5.982905982905984,"X-ray of wrist, minimum of 3 views",7,False
74021,13317.0,0.0002096150952430673,0.9285714285714286,0.0017336673899385178,True,-7.14285714285714,"X-ray of abdomen, minimum of 3 views",7,False
76604,83542.0,0.0013765023510530214,0.939334637964775,0.009584297765238945,True,-6.0665362035224994,Ultrasound scan of chest,7,False
77014,647851.5,9.303524907940787e-24,0.6032626561472716,3.571122253124964e-22,True,-39.67373438527284,Ct guidance for insertion of radiation therapy fields,7,True
77280,450331.5,4.861185091139841e-07,0.9300317622576759,6.537796719643255e-06,True,-6.996823774232408,"Obtaining data needed to develop the optimal radiation treatment, 1 treatment area",7,True
77285,490.0,0.006010320568551616,0.3048118558272855,0.03332388848563618,True,-69.51881441727146,"Obtaining data needed to develop the optimal radiation treatment, 2 treatment areas",7,True
77336,98336.0,0.007338846638002494,0.9333196482945021,0.039377252391002635,True,-6.668035170549791,Continuing radiation therapy consultation per week,7,True
77427,735752.0,3.4300140580644505e-17,0.8127051815751175,1.0068100088083298e-15,True,-18.729481842488248,"Radiation treatment management, 5 treatment sessions",7,True
80164,2638.5,0.000913715814228244,0.8090812996266545,0.006685885110602052,True,-19.091870037334544,"Valproic acid level, total",8,False
80305,1873582.5,2.914129914658213e-07,0.8990384615384616,4.154716649755567e-06,True,-10.096153846153843,"Testing for presence of drug, read by direct observation",8,False
80307,1049613.0,1.3627471045951479e-06,0.8901839224282614,1.7143129542680136e-05,True,-10.981607757173862,"Testing for presence of drug, by chemistry analyzers",8,False
81000,737196.5,2.0248251523366798e-05,0.9330143540669857,0.00020790005897570674,True,-6.698564593301426,"Manual urinalysis test with examination using microscope, non-automated",8,False
81001,10437761.5,1.1931444301710675e-37,0.9454545454545455,6.869758507561876e-36,True,-5.454545454545445,"Manual urinalysis test with examination using microscope, automated",8,False
81002,52548200.5,1.3386014943328294e-83,0.9487179487179486,1.8217149427420417e-81,True,-5.128205128205144,"Urinalysis, manual test",8,False
81007,1610.0,0.005754875801912736,0.8268903445401957,0.03228449926750307,True,-17.310965545980427,Urinalysis for bacteria,8,False
82627,4023.0,0.0015625947381389244,0.8798563611491107,0.010681298278511277,True,-12.01436388508893,Dehydroepiandrosterone (dhea-s) hormone level,8,False
82668,2470.0,0.000758238869208868,0.9240782968890373,0.005647182025898883,True,-7.592170311096269,Erythropoietin (protein) level,8,False
82962,2327532.5,3.123167205474777e-07,0.9444444444444445,4.369515239809103e-06,True,-5.5555555555555465,Blood glucose (sugar) test performed by hand-held instrument,8,False
83036,147497034.0,4.1095444181033e-90,0.934526854219949,6.15198799390064e-88,True,-6.547314578005103,Hemoglobin a1c level,8,False
84132,58922.0,2.8400733968178127e-10,0.9026335115243194,5.52154529225489e-09,True,-9.736648847568063,Blood potassium level,8,False
84134,1937.5,8.350311768564965e-05,0.7804779160226034,0.0007485279471581888,True,-21.95220839773966,Prealbumin (protein) level,8,False
84295,17560.0,0.0010515162162383223,0.9311294765840221,0.007567883537061387,True,-6.887052341597788,Blood sodium level,8,False
85014,42530.5,0.0035462021249455253,0.9272727272727271,0.021319938076479725,True,-7.272727272727286,Red blood cell concentration measurement,8,False
85018,281151.5,0.0004621670606240522,0.9487666034155599,0.003548020973098493,True,-5.123339658444015,"Blood count, hemoglobin",8,False
85610,3695529.0,2.9069857691332434e-53,0.6263406263406264,2.559857468466156e-51,True,-37.36593736593736,"Blood test, clotting time",8,False
86235,13960.5,0.0027264342326040877,0.8630461553959193,0.01672734445167344,True,-13.695384460408066,"Measurement of antibody for assessment of autoimmune disorder, any method",8,False
87481,50465.0,0.004907665258268396,0.7592753220527347,0.028365926222501114,True,-24.072467794726528,"Detection test for candida species (yeast), amplified probe technique",8,False
87640,43589.0,0.006073668382246287,0.9476899053917518,0.033550854495286685,True,-5.23100946082482,"Detection test by nucleic acid for staphylococcus aureus (bacteria), amplified probe technique",8,False
87653,31326.0,0.006714006735669574,0.9401451003463679,0.0364161887075991,True,-5.985489965363211,"Detection test by nucleic acid for strep (streptococcus, group b), amplified probe technique",8,False
87801,14035.0,0.0008353022158263697,0.8844288139704098,0.006190333747980571,True,-11.557118602959015,"Detection test by nucleic acid for multiple organisms, amplified probe(s) technique",8,False
88344,100387.0,3.864877092872081e-05,0.8424309819658657,0.00036851726165793025,True,-15.756901803413426,"Special stained specimen slides to examine tissue, each multiplex procedure",8,False
88360,641991.5,2.1416283313216e-05,0.8741176470588234,0.00021662281162084022,True,-12.588235294117656,"Microscopic genetic analysis of tumor, manual",8,True
90935,816761.5,6.268238618327356e-06,0.9218181818181818,7.163017718806147e-05,True,-7.818181818181824,Hemodialysis procedure with physician evaluation,9,False
90970,17549.0,0.005496467847785977,0.7938342967244701,0.031167471091422757,True,-20.616570327552985,"Dialysis services, per day, less than full month service (20 years or older)",9,False
92145,2527.0,0.005909815594030222,0.8906250000000001,0.03288845332439867,True,-10.93749999999999,Measurement of corneal pressure,9,False
93289,35657.0,6.944315559656751e-07,0.8573232323232324,9.118982800707154e-06,True,-14.267676767676763,"Evaluation of single, dual, or multiple lead implantable defibrillator system",9,False
93793,908294.0,4.4599601558064325e-05,0.7825753140878832,0.0004146931896423745,True,-21.742468591211683,Anticoagulant management of patient taking warfarin,9,False
94660,3242.5,0.000543798845873715,0.8791446070798297,0.004132319148593661,True,-12.085539292017033,Therapy procedure using a positive pressure ventilator,9,False
95115,84571.5,2.3081951911855726e-09,0.6682569974554708,4.0178700014009325e-08,True,-33.174300254452916,Professional service for single injection of allergen,9,True
95117,537073.0,2.459018905691719e-14,0.6629173989455185,6.573484467536614e-13,True,-33.708260105448154,Professional service for multiple injections of allergen,9,True
95165,407929.0,0.00028604304277901507,0.8797726571765201,0.0022776938034052424,True,-12.02273428234799,Professional service for preparation and provision of 1 or more antigens,9,False
95251,1607338.0,8.697570655614106e-07,0.9309929250171278,1.1224364889184756e-05,True,-6.900707498287217,Continuous monitoring of blood sugar level in tissue fluid using sensor under skin with interpretation and report,9,False
95992,97706.5,0.002303546926542096,0.8792250656952444,0.014881509011135823,True,-12.077493430475561,"Repositioning exercises of head for treatment of dizziness, each day",9,False
96365,2718249.5,0.002070315051849896,0.9199999999999999,0.013533893592223994,True,-8.000000000000007,"Infusion into a vein for therapy, prevention, or diagnosis, 1 hour or less",9,True
96366,281614.5,2.2786773058549777e-07,0.7635649116712442,3.3442940459459823e-06,True,-23.643508832875582,"Infusion into a vein for therapy, prevention, or diagnosis, each additional hour",9,True
96367,441554.5,1.1835431083373938e-13,0.7281463406546868,2.9529400553017977e-12,True,-27.185365934531326,"Infusion into a vein for therapy, prevention, or diagnosis, additional sequential infusion, 1 hour or less",9,True
96368,31941.5,2.842518079490521e-08,0.707067315762968,4.4325516302055314e-07,True,-29.2932684237032,"Infusion into a vein for therapy, prevention, or diagnosis concurrent with another infusion",9,True
96401,491107.0,0.005388480962564089,0.838156597662301,0.03078838168304749,True,-16.184340233769902,Administration of non-hormonal anti-neoplastic chemotherapy under skin or into muscle,9,True
96411,36306.5,3.69741353144303e-09,0.7044303797468354,6.284476818041141e-08,True,-29.55696202531646,Administration of additional new drug or substance into vein using push technique,9,False
96413,1629471.5,1.4059233542746894e-09,0.8049232259988074,2.5357436883725422e-08,True,-19.50767740011926,"Administration of chemotherapy into vein, 1 hour or less",9,True
96415,636385.0,4.799410330106595e-07,0.8378360215053764,6.531561149245067e-06,True,-16.21639784946236,"Administration of chemotherapy into vein, each additional hour",9,True
96417,221637.5,5.060481421544113e-13,0.7722772277227723,1.1836782325080527e-11,True,-22.77227722772277,"Administration of additional new drug or substance into vein, 1 hour or less",9,False
96521,888.0,0.00029831739138984055,0.37957316374994843,0.0023628631476750863,True,-62.042683625005154,Refilling and maintenance of portable pump,9,False
96523,87318.5,8.231854390556576e-09,0.8226594272776823,1.3250630131895909e-07,True,-17.734057272231773,Irrigation of implanted venous access drug delivery device,9,False
96573,15341.0,0.009556688850537188,0.9383507259528131,0.049502986883232424,True,-6.164927404718689,Application of light by qualified health care professional to destroy precancer skin growth,9,True
96910,8405.5,0.005758157183983514,0.6587837837837838,0.03228449926750307,True,-34.12162162162162,Therapy procedure using ultraviolet radiation with tar or petroleum jelly application,9,True
97018,19118.0,0.006430508312725121,0.8397745358090186,0.0353914372946673,True,-16.022546419098138,Application of hot wax bath,9,False
97110,358099439.0,8.971214876431513e-29,0.9104010685788603,3.949973138240581e-27,True,-8.959893142113973,"Therapy procedure using exercise to develop strength, endurance, range of motion, and flexibility, each 15 minutes",9,False
97597,2358044.5,1.396150105368604e-05,0.9333333333333335,0.0001492883362669143,True,-6.666666666666654,"Removal of tissue from wound, 20.0 sq cm or less",9,False
97760,26114.5,0.0038164461945363708,0.842391304347826,0.02258189704830414,True,-15.760869565217394,"Training in the use of orthopedic device for arm, leg and/or trunk, each 15 minutes",9,False
99153,86413.0,0.002626124949966569,0.8121182934570848,0.01631248568506205,True,-18.788170654291527,"Use of a drug to induce depression of consciousness by physician performing a procedure, each additional 15 minutes",9,False
99195,39255.5,0.003854728946143438,0.8959999999999999,0.022718619025105222,True,-10.40000000000001,Drawing of blood for a medical problem,9,False
99211,12534486.5,2.6413091693949474e-23,0.9146436961628817,9.643999577034722e-22,True,-8.535630383711833,Office or other outpatient visit for the evaluation and management of established patient that may not require presence of healthcare professional,9,False
99231,87626969.5,5.01372976297759e-30,0.9390667761357416,2.274410137932561e-28,True,-6.093322386425837,"Subsequent hospital care with straightforward or low level of medical decision making, per day, if using time, at least 25 minutes",9,False
99307,5119626.5,1.5907287941108385e-22,0.8474801061007957,5.537955825078896e-21,True,-15.251989389920428,"Subsequent nursing facility care with straightforward level of medical decision making, per day, if using time, at least 10 minutes",9,False
99347,576216.0,8.537401469662209e-05,0.8721804511278196,0.0007607434523859718,True,-12.781954887218038,"Residence visit for established patient with straightforward medical decision making, per day, if using time, at least 15 minutes",9,False
99348,5623386.0,0.002760164842266966,0.9411764705882353,0.016865170485198564,True,-5.882352941176472,"Residence visit for established patient with low level of medical decision making, per day, if using time, at least 30 minutes",9,False
99458,942329.0,0.0036454823891593946,0.8514412416851441,0.021829148546286453,True,-14.855875831485587,"Management using the results of remote vital sign monitoring per calendar month, each additional 20 minutes",9,False
99484,76454.0,0.0017493428096165375,0.8034493437194788,0.011743346125542408,True,-19.655065628052114,"Care management services for behavioral health conditions, 20 minutes or more clinical staff time directed by health care professional",9,False
99490,20620897.0,1.8800124205251643e-08,0.9220454308968101,2.962503782659127e-07,True,-7.795456910318988,"Chronic care management services, first 20 minutes of clinical staff time directed by health care professional, per calendar month",9,False
A0425,5302366.0,1.8392702958346932e-285,0.49166254251171815,1.3766938164322677e-282,True,-50.833745748828186,"Ground mileage, per statute mile",A,False
A0436,7627.0,4.8611000413429597e-14,0.7375902344510268,1.2766783792790193e-12,True,-26.240976554897323,"Rotary wing air mileage, per statute mile",A,False
A9552,102041.0,1.3010888605264421e-11,0.908039041703638,2.822797136533455e-10,True,-9.196095829636198,"Fluorodeoxyglucose f-18 fdg, diagnostic, per study dose, up to 45 millicuries",A,False
A9577,3419.0,7.054299174083441e-06,0.9197457312896313,8.000216563335539e-05,True,-8.025426871036867,"Injection, gadobenate dimeglumine (multihance), per ml",A,True
G0179,2430929.0,6.34371502233731e-40,0.8787185354691075,3.9568922451828974e-38,True,-12.12814645308925,"Physician or allowed practitioner re-certification for medicare-covered home health services under a home health plan of care (patient not present), including contacts with home health agency and review of reports of patient status required by physicians a",G,False
G0407,2412.0,0.001258072523783452,0.7818525519848771,0.008925756246937571,True,-21.814744801512287,"Follow-up inpatient consultation, intermediate, physicians typically spend 25 minutes communicating with the patient via telehealth",G,False
G0481,141131.5,0.0001336812067726795,0.8570082449941108,0.0011567674366398913,True,-14.299175500588923,"Drug test(s), definitive, utilizing (1) drug identification methods able to identify individual drugs and distinguish between structural isomers (but not necessarily stereoisomers), including, but not limited to gc/ms (any type, single or tandem) and lc/ms",G,False
G0482,92933.0,0.003016163601156031,0.9203446251577038,0.018354458987522675,True,-7.965537484229623,"Drug test(s), definitive, utilizing (1) drug identification methods able to identify individual drugs and distinguish between structural isomers (but not necessarily stereoisomers), including, but not limited to gc/ms (any type, single or tandem) and lc/ms",G,False
G0498,18527.0,1.91375613058588e-06,0.6240234375,2.3291812418594005e-05,True,-37.59765625,"Chemotherapy administration, intravenous infusion technique; initiation of infusion in the office/clinic setting using office/clinic pump/supplies, with continuation of the infusion in the community setting (e.g., home, domiciliary, rest home or assisted l",G,True
G3002,9825.0,2.604939845651643e-06,0.637218045112782,3.0465585538597728e-05,True,-36.2781954887218,"Chronic pain management and treatment, monthly bundle including, diagnosis; assessment and monitoring; administration of a validated pain rating scale or tool; the development, implementation, revision, and/or maintenance of a person-centered care plan tha",G,False
G6002,136252.5,1.0910253934127306e-12,0.5830597504924491,2.5127154060597814e-11,True,-41.69402495075509,Stereoscopic x-ray guidance for localization of target volume for the delivery of radiation therapy,G,True
G6012,22635.0,0.00011874873344792094,0.6906058995482328,0.0010456873763031627,True,-30.939410045176718,"Radiation treatment delivery,3 or more separate treatment areas, custom blocking, tangential ports, wedges, rotational beam, compensators, electron beam; 6-10 mev",G,True
G6013,10110.5,1.1848369259683915e-05,0.568679495686795,0.00012852904914309292,True,-43.1320504313205,"Radiation treatment delivery,3 or more separate treatment areas, custom blocking, tangential ports, wedges, rotational beam, compensators, electron beam; 11-19 mev",G,True
J0185,15086.5,0.0023062859656536477,0.7758620689655173,0.014881509011135823,True,-22.413793103448263,"Injection, aprepitant, 1 mg",J,True
J0640,14818.0,6.697606397950671e-05,0.6303095298174783,0.0006113607791300095,True,-36.96904701825217,"Injection, leucovorin calcium, per 50 mg",J,True
J0885,18447.0,0.0015192575926010758,0.7866879582655083,0.01048077703282862,True,-21.33120417344917,"Injection, epoetin alfa, (for non-esrd use), 1000 units",J,True
J1097,9841.5,0.002503159782518028,0.9475936909177868,0.015697232185229264,True,-5.240630908221322,"Phenylephrine 10.16 mg/ml and ketorolac 2.88 mg/ml ophthalmic irrigation solution, 1 ml",J,False
J1200,407200.0,1.5929350209846926e-08,0.8022149993980979,2.5368337515043453e-07,True,-19.778500060190208,"Injection, diphenhydramine hcl, up to 50 mg",J,True
J1453,40987.0,1.6982420004798826e-07,0.7391304347826086,2.5170973017013707e-06,True,-26.086956521739136,"Injection, fosaprepitant, 1 mg",J,True
J1626,31207.5,0.006599585438081149,0.9076771716017645,0.03618893553409334,True,-9.232282839823547,"Injection, granisetron hydrochloride, 100 mcg",J,True
J1745,37979.5,0.001816171836139174,0.7735013384051845,0.012130805858882952,True,-22.649866159481547,"Injection, infliximab, excludes biosimilar, 10 mg",J,True
J1885,4557223.0,4.010611602433424e-09,0.8996812869934739,6.670983965380928e-08,True,-10.031871300652606,"Injection, ketorolac tromethamine, per 15 mg",J,True
J1940,3155.5,0.006930502443754566,0.6666562009419152,0.03745473703357612,True,-33.334379905808476,"Injection, furosemide, up to 20 mg",J,True
J2469,171076.0,1.627888894092696e-13,0.7473389355742297,3.994999466322567e-12,True,-25.26610644257703,"Injection, palonosetron hcl, 25 mcg",J,True
J3010,14511.0,0.00012352260614969949,0.8363183049066364,0.0010813645696263166,True,-16.36816950933636,"Injection, fentanyl citrate, 0.1 mg",J,True
J3380,8359.5,0.001181559478783715,0.7682206172028889,0.00842283114161534,True,-23.177938279711107,"Injection, vedolizumab, intravenous, 1 mg",J,True
J3420,6638763.5,2.4370281472613082e-06,0.9075807090512973,2.8726229420867546e-05,True,-9.241929094870272,"Injection, vitamin b-12 cyanocobalamin, up to 1000 mcg",J,True
J3475,18398.5,0.0038745648650750602,0.7868229331643966,0.022745974913793588,True,-21.317706683560345,"Injection, magnesium sulfate, per 500 mg",J,True
J3490,139596.5,0.00035519376060347393,0.8055060191756338,0.002769401352205211,True,-19.44939808243662,Unclassified drugs,J,False
J3590,9989.5,3.004165430023891e-08,0.6339742970335297,4.6363254110781076e-07,True,-36.60257029664703,Unclassified biologics,J,False
J7040,85335.5,0.009204809141392429,0.8955882352941177,0.0478458308495294,True,-10.441176470588232,"Infusion, normal saline solution, sterile (500 ml = 1 unit)",J,True
J7308,140768.5,0.00014705446066686244,0.9161931818181819,0.0012579458721045317,True,-8.380681818181813,"Aminolevulinic acid hcl for topical administration, 20%, single unit dosage form (354 mg)",J,False
J7999,36090.0,0.0022436613318510073,0.8021211270990253,0.014603308755569382,True,-19.787887290097473,"Compounded drug, not otherwise classified",J,False
J9035,82201.5,3.802010192612883e-07,0.8355769230769231,5.22165987003806e-06,True,-16.44230769230769,"Injection, bevacizumab, 10 mg",J,True
J9045,47610.0,5.501085315361442e-07,0.7935675776166574,7.2877209885806005e-06,True,-20.64324223833426,"Injection, carboplatin, 50 mg",J,True
J9144,4882.0,0.000234757823724408,0.6807403123192597,0.0019099590332360805,True,-31.925968768074032,"Injection, daratumumab, 10 mg and hyaluronidase-fihj",J,True
J9201,2592.0,0.0003505125262460999,0.6223437248730731,0.0027472107423581753,True,-37.76562751269269,"Injection, gemcitabine hydrochloride, not otherwise specified, 200 mg",J,True
J9217,459541.5,7.773990617271035e-07,0.9432814710042433,1.0119707786134556e-05,True,-5.6718528995756685,"Leuprolide acetate (for depot suspension), 7.5 mg",J,False
J9263,4694.5,0.00039007701701483666,0.6760035204530671,0.003025623287415598,True,-32.399647954693286,"Injection, oxaliplatin, 0.5 mg",J,True
J9267,19029.0,1.2904115215782785e-05,0.7126024139366193,0.00013897453581314265,True,-28.73975860633807,"Injection, paclitaxel, 1 mg",J,True
J9271,89864.0,3.552113422535649e-10,0.7471940378917123,6.731030118399831e-09,True,-25.280596210828765,"Injection, pembrolizumab, 1 mg",J,True
J9299,3300.5,0.0026218979597812,0.7704688085425252,0.01631248568506205,True,-22.95311914574748,"Injection, nivolumab, 1 mg",J,True
P9612,2593.0,0.0016169426711706522,0.9312233718807059,0.011002559903374847,True,-6.877662811929408,"Catheterization for collection of specimen, single patient, all places of service",P,False
Q0138,36708.0,9.468429166169294e-06,0.8576388888888888,0.00010499435897596616,True,-14.236111111111116,"Injection, ferumoxytol, for treatment of iron deficiency anemia, 1 mg (non-esrd use)",Q,True
